PSRXYZA,USB2,0,52.0,FINESTEERING,2354,588501.000,02000000,c94c,17399;SOL_COMPUTED,SINGLE,-1641807.1549,-3664901.1273,4939956.1971,3.3454,4.0877,4.8963,SOL_COMPUTED,DOPPLER_VELOCITY,0.0711,-0.0500,-0.0335,0.0341,0.0420,0.0546,"",0.000,0.000,0.000,30,18,0,0,0,06,35,33*fc656b50
PSRXYZA,USB2,0,48.5,FINESTEERING,2354,588502.000,02000000,c94c,17399;SOL_COMPUTED,SINGLE,-1641807.4275,-3664901.6182,4939956.8460,2.4576,3.4311,3.9324,SOL_COMPUTED,DOPPLER_VELOCITY,-0.0216,0.0409,0.0137,0.0358,0.0426,0.0548,"",0.000,0.000,0.000,31,19,0,0,0,06,35,33*f2dd610f
PSRXYZA,USB2,0,48.5,FINESTEERING,2354,588503.000,02000000,c94c,17399;SOL_COMPUTED,SINGLE,-1641806.9172,-3664901.0578,4939956.5077,2.5142,3.4849,3.8534,SOL_COMPUTED,DOPPLER_VELOCITY,0.0287,-0.0390,-0.0233,0.0352,0.0433,0.0548,"",0.000,0.000,0.000,30,18,0,0,0,06,35,33*ad37d7d0
PSRXYZA,USB2,0,49.5,FINESTEERING,2354,588504.000,02000000,c94c,17399;SOL_COMPUTED,SINGLE,-1641806.6132,-3664901.3436,4939956.8802,2.5740,3.5161,3.9050,SOL_COMPUTED,DOPPLER_VELOCITY,-0.0208,0.0022,0.0481,0.0337,0.0419,0.0545,"",0.000,0.000,0.000,30,18,0,0,0,06,35,33*a568f4ba
PSRXYZA,USB2,0,55.5,FINESTEERING,2354,588505.000,02000000,c94c,17399;SOL_COMPUTED,SINGLE,-1641806.7368,-3664901.1867,4939956.6723,2.4952,3.4765,3.8411,SOL_COMPUTED,DOPPLER_VELOCITY,0.0153,0.0012,-0.0193,0.0348,0.0418,0.0543,"",0.000,0.000,0.000,31,18,0,0,0,06,35,33*2efff479
PSRXYZA,USB2,0,55.5,FINESTEERING,2354,588506.000,02000000,c94c,17399;SOL_COMPUTED,SINGLE,-1641806.3575,-3664901.1974,4939956.8889,2.4211,3.4054,3.8538,SOL_COMPUTED,DOPPLER_VELOCITY,0.0089,-0.0065,-0.0067,0.0348,0.0417,0.0543,"",0.000,0.000,0.000,32,18,0,0,0,06,35,33*c0481643
PSRXYZA,USB2,0,55.5,FINESTEERING,2354,588507.000,02000000,c94c,17399;SOL_COMPUTED,SINGLE,-1641806.6152,-3664901.2295,4939956.0703,2.3480,3.2989,2.8962,SOL_COMPUTED,DOPPLER_VELOCITY,0.0094,0.0106,0.0091,0.0333,0.0407,0.0540,"",0.000,0.000,0.000,31,20,0,0,0,06,35,33*24174b65
PSRXYZA,USB2,0,54.0,FINESTEERING,2354,588508.000,02000000,c94c,17399;SOL_COMPUTED,SINGLE,-1641806.7659,-3664901.1886,4939956.0509,2.3393,3.2640,2.8477,SOL_COMPUTED,DOPPLER_VELOCITY,-0.0134,-0.0023,0.0148,0.0314,0.0390,0.0536,"",0.000,0.000,0.000,33,21,0,0,0,06,35,33*5a5f082e
PSRXYZA,USB2,0,54.0,FINESTEERING,2354,588509.000,02000000,c94c,17399;SOL_COMPUTED,SINGLE,-1641806.8280,-3664901.4400,4939956.1087,2.2780,3.2298,2.8279,SOL_COMPUTED,DOPPLER_VELOCITY,0.0039,0.0079,-0.0016,0.0304,0.0381,0.0534,"",0.000,0.000,0.000,34,21,0,0,0,06,35,33*d7542a6b
PSRXYZA,USB2,0,56.5,FINESTEERING,2354,588510.000,02000000,c94c,17399;SOL_COMPUTED,SINGLE,-1641806.8057,-3664901.4745,4939956.1829,2.2655,3.2116,2.8195,SOL_COMPUTED,DOPPLER_VELOCITY,-0.0050,-0.0081,-0.0102,0.0304,0.0381,0.0534,"",0.000,0.000,0.000,34,21,0,0,0,06,35,33*3ba43e4d
PSRXYZA,USB2,0,57.0,FINESTEERING,2354,588511.000,02000000,c94c,17399;SOL_COMPUTED,SINGLE,-1641806.8679,-3664901.6193,4939956.2022,2.2723,3.2235,2.8270,SOL_COMPUTED,DOPPLER_VELOCITY,0.0261,-0.0025,0.0067,0.0304,0.0374,0.0549,"",0.000,0.000,0.000,33,20,0,0,0,06,35,33*f658a87d
PSRXYZA,USB2,0,65.0,FINESTEERING,2354,588512.000,02000000,c94c,17399;SOL_COMPUTED,SINGLE,-1641806.9532,-3664901.7327,4939956.2411,2.2744,3.2274,2.8245,SOL_COMPUTED,DOPPLER_VELOCITY,-0.0006,0.0024,-0.0142,0.0304,0.0377,0.0558,"",0.000,0.000,0.000,32,20,0,0,0,06,35,33*c1462240
PSRXYZA,USB2,0,64.5,FINESTEERING,2354,588513.000,02000000,c94c,17399;SOL_COMPUTED,SINGLE,-1641807.0813,-3664902.1250,4939956.8025,2.2491,3.1911,2.7633,SOL_COMPUTED,DOPPLER_VELOCITY,-0.0331,-0.0088,0.0073,0.0304,0.0389,0.0558,"",0.000,0.000,0.000,32,20,0,0,0,06,35,33*0981552a
PSRXYZA,USB2,0,59.0,FINESTEERING,2354,588514.000,02000000,c94c,17399;SOL_COMPUTED,SINGLE,-1641806.9981,-3664902.0879,4939956.9642,2.2603,3.2048,2.7640,SOL_COMPUTED,DOPPLER_VELOCITY,0.0085,0.0185,-0.0070,0.0305,0.0389,0.0559,"",0.000,0.000,0.000,32,20,0,0,0,06,35,33*71f78782
PSRXYZA,USB2,0,53.5,FINESTEERING,2354,588515.000,02000000,c94c,17399;SOL_COMPUTED,SINGLE,-1641806.9721,-3664902.0183,4939957.0225,2.2591,3.2005,2.7600,SOL_COMPUTED,DOPPLER_VELOCITY,0.0029,-0.0113,-0.0051,0.0305,0.0389,0.0559,"",0.000,0.000,0.000,32,20,0,0,0,06,35,33*a49dc676
PSRXYZA,USB2,0,53.5,FINESTEERING,2354,588516.000,02000000,c94c,17399;SOL_COMPUTED,SINGLE,-1641806.8682,-3664901.9451,4939956.9856,2.2532,3.1919,2.7541,SOL_COMPUTED,DOPPLER_VELOCITY,-0.0224,0.0041,0.0389,0.0304,0.0377,0.0558,"",0.000,0.000,0.000,32,20,0,0,0,06,35,33*a1e45467
PSRXYZA,USB2,0,53.5,FINESTEERING,2354,588517.000,02000000,c94c,17399;SOL_COMPUTED,SINGLE,-1641806.7134,-3664901.7980,4939956.8704,2.2510,3.1914,2.7536,SOL_COMPUTED,DOPPLER_VELOCITY,0.0154,0.0027,-0.0137,0.0304,0.0375,0.0557,"",0.000,0.000,0.000,32,20,0,0,0,06,35,33*f8bfdd97
PSRXYZA,USB2,0,53.0,FINESTEERING,2354,588518.000,02000000,c94c,17399;SOL_COMPUTED,SINGLE,-1641806.5908,-3664901.7918,4939956.8310,2.2504,3.1901,2.7514,SOL_COMPUTED,DOPPLER_VELOCITY,0.0005,-0.0013,-0.0052,0.0304,0.0375,0.0556,"",0.000,0.000,0.000,32,20,0,0,0,06,35,33*e9b7f80d
PSRXYZA,USB2,0,52.0,FINESTEERING,2354,588519.000,02000000,c94c,17399;SOL_COMPUTED,SINGLE,-1641806.5325,-3664901.8526,4939956.8299,2.2283,2.9965,2.7395,SOL_COMPUTED,DOPPLER_VELOCITY,-0.0020,0.0218,0.0056,0.0296,0.0370,0.0555,"",0.000,0.000,0.000,32,20,0,0,0,06,35,33*6be04b19
PSRXYZA,USB2,0,50.0,FINESTEERING,2354,588520.000,02000000,c94c,17399;SOL_COMPUTED,SINGLE,-1641806.5983,-3664901.8342,4939956.7968,2.2257,2.9936,2.7398,SOL_COMPUTED,DOPPLER_VELOCITY,-0.0622,-0.0292,0.0792,0.0305,0.0396,0.0566,"",0.000,0.000,0.000,30,20,0,0,0,06,35,33*bea387c3
PSRXYZA,USB2,0,47.0,FINESTEERING,2354,588521.000,02000000,c94c,17399;SOL_COMPUTED,SINGLE,-1641806.8424,-3664901.7241,4939956.7184,2.2196,2.9877,2.7354,SOL_COMPUTED,DOPPLER_VELOCITY,-0.1877,0.0841,-0.0207,0.0346,0.0448,0.0564,"",0.000,0.000,0.000,31,20,0,0,0,06,35,33*766fcb86
PSRXYZA,USB2,0,47.0,FINESTEERING,2354,588522.000,02000000,c94c,17399;SOL_COMPUTED,SINGLE,-1641807.3674,-3664901.6460,4939956.6145,2.2186,2.9875,2.7339,SOL_COMPUTED,DOPPLER_VELOCITY,-0.6577,0.1122,-0.1767,0.0372,0.0460,0.0557,"",0.000,0.000,0.000,30,21,0,0,0,06,35,33*fbfe87de
PSRXYZA,USB2,0,48.5,FINESTEERING,2354,588523.000,02000000,c94c,17399;SOL_COMPUTED,SINGLE,-1641808.1947,-3664901.5303,4939956.4440,2.2158,2.9823,2.7271,SOL_COMPUTED,DOPPLER_VELOCITY,-0.8828,-0.1250,-0.1422,0.0377,0.0483,0.0611,"",0.000,0.000,0.000,29,21,0,0,0,06,35,33*b04f8b8c
PSRXYZA,USB2,0,55.0,FINESTEERING,2354,588524.000,02000000,c94c,17399;SOL_COMPUTED,SINGLE,-1641809.1711,-3664901.4422,4939956.2621,2.2139,2.9801,2.7256,SOL_COMPUTED,DOPPLER_VELOCITY,-0.9182,0.2531,-0.5349,0.0338,0.0429,0.0577,"",0.000,0.000,0.000,31,21,0,0,0,06,35,33*b0af579e
PSRXYZA,USB2,0,60.5,FINESTEERING,2354,588525.000,02000000,c94c,17399;SOL_COMPUTED,SINGLE,-1641810.2847,-3664901.4497,4939956.0125,2.2136,2.9874,2.7234,SOL_COMPUTED,DOPPLER_VELOCITY,-1.0360,0.0727,-0.1496,0.0349,0.0460,0.0600,"",0.000,0.000,0.000,30,21,0,0,0,06,35,33*ec00fb87
PSRXYZA,USB2,0,67.5,FINESTEERING,2354,588526.000,02000000,c94c,17399;SOL_COMPUTED,SINGLE,-1641811.3849,-3664901.2005,4939955.7459,2.2155,2.9819,2.7240,SOL_COMPUTED,DOPPLER_VELOCITY,-1.2287,-0.0095,0.0718,0.0362,0.0505,0.0591,"",0.000,0.000,0.000,29,21,0,0,0,06,35,33*06039c0e
PSRXYZA,USB2,0,57.5,FINESTEERING,2354,588527.000,02000000,c94c,17399;SOL_COMPUTED,SINGLE,-1641812.5365,-3664901.1896,4939955.4099,2.2143,2.9806,2.7224,SOL_COMPUTED,DOPPLER_VELOCITY,-1.1689,0.1525,-0.4095,0.0343,0.0473,0.0585,"",0.000,0.000,0.000,29,21,0,0,0,06,35,33*7fda9f34
PSRXYZA,USB2,0,52.5,FINESTEERING,2354,588528.000,02000000,c94c,17399;SOL_COMPUTED,SINGLE,-1641813.2566,-3664900.6775,4939955.0097,2.2729,3.0563,2.7062,SOL_COMPUTED,DOPPLER_VELOCITY,-1.0796,0.1581,-0.5157,0.0336,0.0458,0.0597,"",0.000,0.000,0.000,28,20,0,0,0,06,35,33*9975a47b
PSRXYZA,USB2,0,50.5,FINESTEERING,2354,588529.000,02000000,c94c,17399;SOL_COMPUTED,SINGLE,-1641814.3006,-3664900.0374,4939954.6234,2.1541,2.6695,2.6674,SOL_COMPUTED,DOPPLER_VELOCITY,-1.0413,-0.0146,-0.3684,0.0345,0.0462,0.0580,"",0.000,0.000,0.000,32,22,0,0,0,06,35,33*8ab4955d
PSRXYZA,USB2,0,48.0,FINESTEERING,2354,588530.000,02000000,c94c,17399;SOL_COMPUTED,SINGLE,-1641815.2966,-3664899.7210,4939954.2394,2.1576,2.6495,2.6710,SOL_COMPUTED,DOPPLER_VELOCITY,-1.1440,-0.1607,-0.1512,0.0383,0.0465,0.0588,"",0.000,0.000,0.000,30,22,0,0,0,06,35,33*12449e09
PSRXYZA,USB2,0,47.0,FINESTEERING,2354,588531.000,02000000,c94c,17399;SOL_COMPUTED,SINGLE,-1641816.3611,-3664899.6126,4939953.7903,2.1747,2.6530,2.6800,SOL_COMPUTED,DOPPLER_VELOCITY,-1.1391,-0.0764,-0.3365,0.0349,0.0448,0.0568,"",0.000,0.000,0.000,30,22,0,0,0,06,35,33*9764a4bc
PSRXYZA,USB2,0,47.0,FINESTEERING,2354,588532.000,02000000,c94c,17399;SOL_COMPUTED,SINGLE,-1641817.9654,-3664899.9343,4939953.8396,2.2789,2.7000,2.7586,SOL_COMPUTED,DOPPLER_VELOCITY,-1.0045,-0.0943,-0.6814,0.0377,0.0432,0.0594,"",0.000,0.000,0.000,31,22,0,0,0,06,35,33*cbb4b652
PSRXYZA,USB2,0,47.0,FINESTEERING,2354,588533.000,02000000,c94c,17399;SOL_COMPUTED,SINGLE,-1641817.9698,-3664899.3597,4939952.3830,2.6793,2.8874,3.0693,SOL_COMPUTED,DOPPLER_VELOCITY,-1.0865,0.0056,-0.5912,0.0399,0.0455,0.0646,"",0.000,0.000,0.000,29,21,0,0,0,06,35,33*ad08ad6b
PSRXYZA,USB2,0,51.0,FINESTEERING,2354,588534.000,02000000,c94c,17399;SOL_COMPUTED,SINGLE,-1641819.1506,-3664899.5172,4939952.1111,2.6775,2.8830,3.0672,SOL_COMPUTED,DOPPLER_VELOCITY,-1.1763,-0.0053,-0.3363,0.0341,0.0420,0.0608,"",0.000,0.000,0.000,28,21,0,0,0,06,35,33*705061b3
PSRXYZA,USB2,0,50.0,FINESTEERING,2354,588535.000,02000000,c94c,17399;SOL_COMPUTED,SINGLE,-1641820.2087,-3664899.3529,4939951.6397,2.6783,2.8857,3.0664,SOL_COMPUTED,DOPPLER_VELOCITY,-1.3003,-0.1344,-0.0764,0.0341,0.0419,0.0578,"",0.000,0.000,0.000,32,21,0,0,0,06,35,33*8161eca7
PSRXYZA,USB2,0,48.0,FINESTEERING,2354,588536.000,02000000,c94c,17399;SOL_COMPUTED,SINGLE,-1641821.4858,-3664899.4793,4939951.2425,2.6807,2.8949,3.0682,SOL_COMPUTED,DOPPLER_VELOCITY,-1.3360,0.0448,-0.2072,0.0344,0.0418,0.0627,"",0.000,0.000,0.000,30,21,0,0,0,06,35,33*65d9ee03
PSRXYZA,USB2,0,48.0,FINESTEERING,2354,588537.000,02000000,c94c,17399;SOL_COMPUTED,SINGLE,-1641822.6612,-3664899.4099,4939950.7230,2.6760,2.8838,3.0657,SOL_COMPUTED,DOPPLER_VELOCITY,-1.3398,-0.0189,-0.4584,0.0338,0.0414,0.0604,"",0.000,0.000,0.000,30,21,0,0,0,06,35,33*b87b73e8
PSRXYZA,USB2,0,49.5,FINESTEERING,2354,588538.000,02000000,c94c,17399;SOL_COMPUTED,SINGLE,-1641823.8163,-3664899.1148,4939950.1367,2.6723,2.8777,3.0649,SOL_COMPUTED,DOPPLER_VELOCITY,-1.3289,0.1206,-0.5576,0.0327,0.0413,0.0589,"",0.000,0.000,0.000,30,21,0,0,0,06,35,33*4eb0bd9f
PSRXYZA,USB2,0,48.5,FINESTEERING,2354,588539.000,02000000,c94c,17399;SOL_COMPUTED,SINGLE,-1641824.8712,-3664898.7516,4939949.5493,2.6713,2.8782,3.0637,SOL_COMPUTED,DOPPLER_VELOCITY,-1.2191,0.1892,-0.6264,0.0307,0.0397,0.0580,"",0.000,0.000,0.000,31,21,0,0,0,06,35,33*13dc47cd
PSRXYZA,USB2,0,48.5,FINESTEERING,2354,588540.000,02000000,c94c,17399;SOL_COMPUTED,SINGLE,-1641826.3677,-3664899.2320,4939949.3059,2.6721,2.8816,3.0682,SOL_COMPUTED,DOPPLER_VELOCITY,-1.2195,0.0281,-0.4901,0.0305,0.0383,0.0578,"",0.000,0.000,0.000,30,21,0,0,0,06,35,33*0ef02088
PSRXYZA,USB2,0,49.0,FINESTEERING,2354,588541.000,02000000,c94c,17399;SOL_COMPUTED,SINGLE,-1641827.6025,-3664899.3630,4939948.8696,2.6715,2.8806,3.0632,SOL_COMPUTED,DOPPLER_VELOCITY,-1.2237,-0.2185,-0.3984,0.0314,0.0390,0.0580,"",0.000,0.000,0.000,30,21,0,0,0,06,35,33*dca68491
PSRXYZA,USB2,0,56.0,FINESTEERING,2354,588542.000,02000000,c94c,17399;SOL_COMPUTED,SINGLE,-1641828.9446,-3664899.6510,4939948.4416,2.6702,2.8778,3.0612,SOL_COMPUTED,DOPPLER_VELOCITY,-1.1771,-0.3081,-0.3512,0.0337,0.0405,0.0592,"",0.000,0.000,0.000,31,21,0,0,0,06,35,33*0b9aa2be
PSRXYZA,USB2,0,55.0,FINESTEERING,2354,588543.000,02000000,c94c,17399;SOL_COMPUTED,SINGLE,-1641830.1295,-3664899.7892,4939947.9292,2.6702,2.8788,3.0618,SOL_COMPUTED,DOPPLER_VELOCITY,-1.1051,-0.2997,-0.4539,0.0337,0.0408,0.0594,"",0.000,0.000,0.000,31,21,0,0,0,06,35,33*a49fb559
PSRXYZA,USB2,0,54.5,FINESTEERING,2354,588544.000,02000000,c94c,17399;SOL_COMPUTED,SINGLE,-1641831.2943,-3664899.8402,4939947.3466,2.6690,2.8752,3.0595,SOL_COMPUTED,DOPPLER_VELOCITY,-1.0800,-0.2566,-0.5143,0.0353,0.0438,0.0601,"",0.000,0.000,0.000,31,21,0,0,0,06,35,33*eceac247
PSRXYZA,USB2,0,54.5,FINESTEERING,2354,588545.000,02000000,c94c,17399;SOL_COMPUTED,SINGLE,-1641832.4599,-3664899.9674,4939946.8178,2.6701,2.8783,3.0618,SOL_COMPUTED,DOPPLER_VELOCITY,-1.0151,-0.1129,-0.8023,0.0394,0.0478,0.0647,"",0.000,0.000,0.000,32,21,0,0,0,06,35,33*73ed17c7
PSRXYZA,USB2,0,54.5,FINESTEERING,2354,588546.000,02000000,c94c,17399;SOL_COMPUTED,SINGLE,-1641833.6059,-3664900.2525,4939946.2940,2.6724,2.8872,3.0639,SOL_COMPUTED,DOPPLER_VELOCITY,-1.0558,-0.1636,-0.7446,0.0336,0.0410,0.0593,"",0.000,0.000,0.000,31,21,0,0,0,06,35,33*65012614
PSRXYZA,USB2,0,54.5,FINESTEERING,2354,588547.000,02000000,c94c,17399;SOL_COMPUTED,SINGLE,-1641834.8827,-3664900.7307,4939945.8784,2.6803,2.9069,3.0686,SOL_COMPUTED,DOPPLER_VELOCITY,-1.0952,-0.2453,-0.6873,0.0372,0.0476,0.0612,"",0.000,0.000,0.000,31,21,0,0,0,06,35,33*a797a8c1
PSRXYZA,USB2,0,55.0,FINESTEERING,2354,588548.000,02000000,c94c,17399;SOL_COMPUTED,SINGLE,-1641835.9000,-3664900.8799,4939945.6971,2.6887,2.9321,3.0518,SOL_COMPUTED,DOPPLER_VELOCITY,-1.2444,-0.3403,-0.4662,0.0350,0.0422,0.0601,"",0.000,0.000,0.000,30,21,0,0,0,06,35,33*ee1444af
PSRXYZA,USB2,0,55.5,FINESTEERING,2354,588549.000,02000000,c94c,17399;SOL_COMPUTED,SINGLE,-1641836.8797,-3664900.9672,4939944.9512,2.7137,3.0017,3.0680,SOL_COMPUTED,DOPPLER_VELOCITY,-1.3144,-0.3726,-0.3048,0.0326,0.0431,0.0590,"",0.000,0.000,0.000,32,21,0,0,0,06,35,33*312eb9e6
PSRXYZA,USB2,0,56.5,FINESTEERING,2354,588550.000,02000000,c94c,17399;SOL_COMPUTED,SINGLE,-1641838.0144,-3664903.3932,4939945.8663,2.7136,2.9598,3.0473,SOL_COMPUTED,DOPPLER_VELOCITY,-1.1560,-0.4820,-0.4779,0.0316,0.0420,0.0585,"",0.000,0.000,0.000,32,22,0,0,0,06,35,33*0a9bb2a3
PSRXYZA,USB2,0,58.0,FINESTEERING,2354,588552.000,02000800,c94c,17399;SOL_COMPUTED,SINGLE,-1641841.3468,-3664904.5829,4939944.0423,2.8690,3.4016,3.1533,SOL_COMPUTED,DOPPLER_VELOCITY,-1.1061,-0.3926,-0.8804,0.0380,0.0497,0.0600,"",0.000,0.000,0.000,32,21,0,0,0,06,35,33*f7a1de47
PSRXYZA,USB2,0,58.5,FINESTEERING,2354,588553.000,02000800,c94c,17399;SOL_COMPUTED,SINGLE,-1641842.4083,-3664905.1387,4939943.3118,2.8713,3.4165,3.1529,SOL_COMPUTED,DOPPLER_VELOCITY,-1.1153,-0.4135,-0.9643,0.0345,0.0500,0.0586,"",0.000,0.000,0.000,31,21,0,0,0,06,35,33*2ca04c3a
PSRXYZA,USB2,0,60.5,FINESTEERING,2354,588554.000,02000000,c94c,17399;SOL_COMPUTED,SINGLE,-1641843.4634,-3664905.6657,4939942.6400,2.7756,3.3774,3.0339,SOL_COMPUTED,DOPPLER_VELOCITY,-0.9893,-0.2845,-0.8993,0.0323,0.0463,0.0540,"",0.000,0.000,0.000,31,22,0,0,0,06,35,33*52c1c586
PSRXYZA,USB2,0,61.0,FINESTEERING,2354,588555.000,02000000,c94c,17399;SOL_COMPUTED,SINGLE,-1641844.3810,-3664906.3586,4939942.0012,2.7794,3.4267,3.0345,SOL_COMPUTED,DOPPLER_VELOCITY,-0.8699,-0.5680,-0.6778,0.0311,0.0437,0.0534,"",0.000,0.000,0.000,33,22,0,0,0,06,35,33*1a4507f0
PSRXYZA,USB2,0,65.5,FINESTEERING,2354,588556.000,02000000,c94c,17399;SOL_COMPUTED,SINGLE,-1641845.2120,-3664907.0203,4939941.3118,2.7779,3.3991,3.0355,SOL_COMPUTED,DOPPLER_VELOCITY,-0.7473,-0.7983,-0.5912,0.0308,0.0411,0.0537,"",0.000,0.000,0.000,33,22,0,0,0,06,35,33*5aa275c5
PSRXYZA,USB2,0,60.5,FINESTEERING,2354,588557.000,02000000,c94c,17399;SOL_COMPUTED,SINGLE,-1641845.7972,-3664907.6544,4939940.3626,2.7840,3.3751,3.0449,SOL_COMPUTED,DOPPLER_VELOCITY,-0.7322,-0.8961,-0.5641,0.0318,0.0420,0.0535,"",0.000,0.000,0.000,33,22,0,0,0,06,35,33*1df9a2a3
PSRXYZA,USB2,0,54.5,FINESTEERING,2354,588558.000,02000000,c94c,17399;SOL_COMPUTED,SINGLE,-1641846.5300,-3664908.3264,4939939.6022,2.7591,3.3427,3.0161,SOL_COMPUTED,DOPPLER_VELOCITY,-0.6304,-0.7542,-0.6720,0.0320,0.0449,0.0565,"",0.000,0.000,0.000,32,22,0,0,0,06,35,33*ff606b6e
PSRXYZA,USB2,0,54.5,FINESTEERING,2354,588559.000,02000000,c94c,17399;SOL_COMPUTED,SINGLE,-1641847.1589,-3664909.1276,4939938.7841,2.7664,3.3420,3.0268,SOL_COMPUTED,DOPPLER_VELOCITY,-0.3432,-0.8519,-0.8932,0.0312,0.0437,0.0523,"",0.000,0.000,0.000,32,22,0,0,0,06,35,33*7186cda6
PSRXYZA,USB2,0,58.5,FINESTEERING,2354,588560.000,02000000,c94c,17399;SOL_COMPUTED,SINGLE,-1641847.5216,-3664910.0417,4939937.9415,2.7818,3.3515,3.0471,SOL_COMPUTED,DOPPLER_VELOCITY,-0.0088,-0.8237,-0.9445,0.0300,0.0427,0.0532,"",0.000,0.000,0.000,32,22,0,0,0,06,35,33*14e9dfe6
PSRXYZA,USB2,0,58.5,FINESTEERING,2354,588561.000,02000000,c94c,17399;SOL_COMPUTED,SINGLE,-1641847.6224,-3664910.9387,4939937.0703,2.8624,3.3908,3.1462,SOL_COMPUTED,DOPPLER_VELOCITY,-0.0348,-0.8924,-0.9149,0.0301,0.0438,0.0533,"",0.000,0.000,0.000,32,21,0,0,0,06,35,33*e7699183
PSRXYZA,USB2,0,59.0,FINESTEERING,2354,588562.000,02000000,c94c,17399;SOL_COMPUTED,SINGLE,-1641847.6144,-3664911.9614,4939936.3052,2.8622,3.3947,3.1465,SOL_COMPUTED,DOPPLER_VELOCITY,0.1488,-1.0088,-0.6849,0.0300,0.0426,0.0532,"",0.000,0.000,0.000,32,21,0,0,0,06,35,33*5c8ff629
PSRXYZA,USB2,0,59.0,FINESTEERING,2354,588563.000,02000000,c94c,17399;SOL_COMPUTED,SINGLE,-1641847.4602,-3664912.8556,4939935.6106,2.8608,3.3904,3.1441,SOL_COMPUTED,DOPPLER_VELOCITY,0.1480,-0.9819,-0.5322,0.0299,0.0421,0.0536,"",0.000,0.000,0.000,32,21,0,0,0,06,35,33*c461020f
PSRXYZA,USB2,0,57.5,FINESTEERING,2354,588564.000,02000000,c94c,17399;SOL_COMPUTED,SINGLE,-1641847.4311,-3664913.8015,4939934.9573,2.8453,3.3873,3.1209,SOL_COMPUTED,DOPPLER_VELOCITY,-0.0355,-1.0099,-0.5725,0.0299,0.0421,0.0536,"",0.000,0.000,0.000,34,22,0,0,0,06,35,33*e08768f7
PSRXYZA,USB2,0,57.5,FINESTEERING,2354,588565.000,02000000,c94c,17399;SOL_COMPUTED,SINGLE,-1641847.5358,-3664915.0068,4939934.5227,2.7973,3.3549,3.0609,SOL_COMPUTED,DOPPLER_VELOCITY,0.0568,-1.0109,-0.8633,0.0306,0.0421,0.0529,"",0.000,0.000,0.000,33,22,0,0,0,06,35,33*41fb6ed1
PSRXYZA,USB2,0,46.0,FINESTEERING,2354,588566.000,02000000,c94c,17399;SOL_COMPUTED,SINGLE,-1641847.0769,-3664915.8663,4939933.5102,2.8413,3.3738,3.1169,SOL_COMPUTED,DOPPLER_VELOCITY,0.1228,-0.9282,-0.9422,0.0299,0.0421,0.0536,"",0.000,0.000,0.000,33,22,0,0,0,06,35,33*705d5d81
PSRXYZA,USB2,0,45.0,FINESTEERING,2354,588567.000,02000000,c94c,17399;SOL_COMPUTED,SINGLE,-1641846.5750,-3664916.1785,4939932.3646,2.8140,3.3437,3.1109,SOL_COMPUTED,DOPPLER_VELOCITY,0.2643,-0.9748,-0.9002,0.0331,0.0472,0.0557,"",0.000,0.000,0.000,31,20,0,0,0,06,35,33*b9208ee3
PSRXYZA,USB2,0,42.0,FINESTEERING,2354,588568.000,02000000,c94c,17399;SOL_COMPUTED,SINGLE,-1641846.3738,-3664917.2443,4939931.7925,2.7905,3.3364,3.0952,SOL_COMPUTED,DOPPLER_VELOCITY,0.2080,-0.9240,-0.6591,0.0346,0.0484,0.0554,"",0.000,0.000,0.000,32,20,0,0,0,06,35,33*26bdf11b
PSRXYZA,USB2,0,42.0,FINESTEERING,2354,588569.000,02000000,c94c,17399;SOL_COMPUTED,SINGLE,-1641847.7098,-3664923.5949,4939934.4670,2.7813,3.2412,3.0454,SOL_COMPUTED,DOPPLER_VELOCITY,0.1451,-1.1599,-0.4224,0.0312,0.0456,0.0550,"",0.000,0.000,0.000,32,21,0,0,0,06,35,33*91eadab0
PSRXYZA,USB2,0,43.0,FINESTEERING,2354,588570.000,02000000,c94c,17399;SOL_COMPUTED,SINGLE,-1641847.5143,-3664924.5268,4939933.8098,2.7649,3.2339,3.0378,SOL_COMPUTED,DOPPLER_VELOCITY,0.2930,-0.9213,-0.5377,0.0324,0.0450,0.0545,"",0.000,0.000,0.000,32,21,0,0,0,06,35,33*788b1df1
PSRXYZA,USB2,0,43.0,FINESTEERING,2354,588571.000,02000000,c94c,17399;SOL_COMPUTED,SINGLE,-1641847.0930,-3664925.4234,4939933.0693,2.7824,3.2411,3.0417,SOL_COMPUTED,DOPPLER_VELOCITY,0.3640,-0.9337,-0.6517,0.0346,0.0485,0.0571,"",0.000,0.000,0.000,32,22,0,0,0,06,35,33*472e1e1b
PSRXYZA,USB2,0,49.0,FINESTEERING,2354,588572.000,02000000,c94c,17399;SOL_COMPUTED,SINGLE,-1641846.4132,-3664926.0018,4939932.0727,2.9864,3.2771,3.1246,SOL_COMPUTED,DOPPLER_VELOCITY,0.4412,-0.8962,-0.7561,0.0361,0.0477,0.0561,"",0.000,0.000,0.000,31,21,0,0,0,06,35,33*aadb9ae4
PSRXYZA,USB2,0,56.0,FINESTEERING,2354,588573.000,02000000,c94c,17399;SOL_COMPUTED,SINGLE,-1641846.3954,-3664927.1442,4939931.6890,3.0388,3.2918,3.1721,SOL_COMPUTED,DOPPLER_VELOCITY,0.3829,-1.0285,-0.6021,0.0345,0.0441,0.0548,"",0.000,0.000,0.000,31,20,0,0,0,06,35,33*7511cf91
PSRXYZA,USB2,0,63.0,FINESTEERING,2354,588574.000,02000000,c94c,17399;SOL_COMPUTED,SINGLE,-1641846.0303,-3664928.0094,4939930.8068,3.0435,3.2918,3.1056,SOL_COMPUTED,DOPPLER_VELOCITY,0.2188,-1.0987,-0.4483,0.0367,0.0484,0.0546,"",0.000,0.000,0.000,30,21,0,0,0,06,35,33*40a78dc9
PSRXYZA,USB2,0,61.5,FINESTEERING,2354,588575.000,02000000,c94c,17399;SOL_COMPUTED,SINGLE,-1641844.7583,-3664924.3367,4939927.6277,3.1031,3.3665,3.1246,SOL_COMPUTED,DOPPLER_VELOCITY,0.0591,-1.2247,-0.6522,0.0512,0.0640,0.0605,"",0.000,0.000,0.000,28,20,0,0,0,06,35,33*87e24323
PSRXYZA,USB2,0,61.0,FINESTEERING,2354,588576.000,02000000,c94c,17399;SOL_COMPUTED,SINGLE,-1641844.8876,-3664925.6540,4939927.1999,3.1303,3.3732,3.1688,SOL_COMPUTED,DOPPLER_VELOCITY,0.2105,-0.9634,-0.7448,0.0502,0.0614,0.0618,"",0.000,0.000,0.000,28,20,0,0,0,06,35,33*24dd407b
PSRXYZA,USB2,0,53.5,FINESTEERING,2354,588577.000,02000000,c94c,17399;SOL_COMPUTED,SINGLE,-1641845.6055,-3664927.9963,4939927.5875,3.1774,3.3613,3.1650,SOL_COMPUTED,DOPPLER_VELOCITY,0.2339,-0.9610,-0.8212,0.0527,0.0607,0.0591,"",0.000,0.000,0.000,28,21,0,0,0,06,35,37*d4850a36
PSRXYZA,USB2,0,53.5,FINESTEERING,2354,588578.000,02000000,c94c,17399;SOL_COMPUTED,SINGLE,-1641845.1760,-3664928.9481,4939926.8544,3.0383,3.3030,3.0316,SOL_COMPUTED,DOPPLER_VELOCITY,0.3056,-0.8934,-0.7591,0.0513,0.0554,0.0578,"",0.000,0.000,0.000,29,21,0,0,0,06,35,37*02f2e700
PSRXYZA,USB2,0,59.0,FINESTEERING,2354,588579.000,02000000,c94c,17399;SOL_COMPUTED,SINGLE,-1641844.3754,-3664929.7297,4939925.8783,3.4143,3.3959,3.1836,SOL_COMPUTED,DOPPLER_VELOCITY,0.1053,-0.9764,-0.5879,0.0699,0.0743,0.0628,"",0.000,0.000,0.000,26,20,0,0,0,06,35,33*65934f9f
RXSTATUSEVENTA,USB2,0,42.0,FINESTEERING,2354,588579.014,02000800,b967,17399;AUX4,0,SET,"<60% available SVs tracked well"*b16dbd3a
PSRXYZA,USB2,0,62.5,FINESTEERING,2354,588580.000,02000000,c94c,17399;SOL_COMPUTED,SINGLE,-1641843.9046,-3664930.5235,4939925.0497,3.3819,3.3906,3.1534,SOL_COMPUTED,DOPPLER_VELOCITY,0.1988,-1.1828,-0.6260,0.0559,0.0617,0.0573,"",0.000,0.000,0.000,29,21,0,0,0,06,35,37*718f5faf
PSRXYZA,USB2,0,59.0,FINESTEERING,2354,588581.000,02000800,c94c,17399;SOL_COMPUTED,SINGLE,-1641843.8245,-3664931.3164,4939924.3694,3.4739,3.5445,3.0947,SOL_COMPUTED,DOPPLER_VELOCITY,0.2365,-1.1113,-0.5756,0.0559,0.0616,0.0573,"",0.000,0.000,0.000,27,20,0,0,0,06,35,33*1223db0a
PSRXYZA,USB2,0,56.0,FINESTEERING,2354,588582.000,02000800,c94c,17399;SOL_COMPUTED,SINGLE,-1641843.7989,-3664932.5138,4939923.6948,3.0541,3.4037,2.9446,SOL_COMPUTED,DOPPLER_VELOCITY,0.1882,-1.1415,-0.6451,0.0574,0.0727,0.0591,"",0.000,0.000,0.000,28,21,0,0,0,06,35,33*92e38ba2
PSRXYZA,USB2,0,56.0,FINESTEERING,2354,588583.000,02000000,c94c,17399;SOL_COMPUTED,SINGLE,-1641843.6675,-3664933.8162,4939922.7959,2.7610,3.2445,2.8772,SOL_COMPUTED,DOPPLER_VELOCITY,0.2371,-0.9355,-0.7369,0.0520,0.0610,0.0550,"",0.000,0.000,0.000,29,21,0,0,0,06,35,33*676a3a83
PSRXYZA,USB2,0,57.5,FINESTEERING,2354,588584.000,02000000,c94c,17399;SOL_COMPUTED,SINGLE,-1641842.6155,-3664934.3561,4939921.6468,2.7325,3.2342,2.8720,SOL_COMPUTED,DOPPLER_VELOCITY,0.3394,-0.9302,-0.9287,0.0553,0.0686,0.0523,"",0.000,0.000,0.000,28,21,0,0,0,06,35,33*fc27e930
PSRXYZA,USB2,0,58.5,FINESTEERING,2354,588585.000,02000000,c94c,17399;SOL_COMPUTED,SINGLE,-1641842.1735,-3664935.3396,4939920.8346,2.7252,3.2274,2.8661,SOL_COMPUTED,DOPPLER_VELOCITY,0.2652,-0.8854,-0.7833,0.0476,0.0596,0.0509,"",0.000,0.000,0.000,30,21,0,0,0,06,35,33*17da308e
PSRXYZA,USB2,0,55.0,FINESTEERING,2354,588586.000,02000000,c94c,17399;SOL_COMPUTED,SINGLE,-1641842.0996,-3664936.3511,4939920.2072,2.7191,3.2276,2.9028,SOL_COMPUTED,DOPPLER_VELOCITY,0.3419,-1.0162,-0.5467,0.0475,0.0577,0.0508,"",0.000,0.000,0.000,30,21,0,0,0,06,35,33*177c6544
PSRXYZA,USB2,0,55.0,FINESTEERING,2354,588587.000,02000000,c94c,17399;SOL_COMPUTED,SINGLE,-1641841.8762,-3664937.3528,4939919.5530,2.7148,3.2418,2.8933,SOL_COMPUTED,DOPPLER_VELOCITY,0.1262,-1.2904,-0.5491,0.0465,0.0608,0.0511,"",0.000,0.000,0.000,30,21,0,0,0,06,35,33*c1da8c09
PSRXYZA,USB2,0,53.5,FINESTEERING,2354,588588.000,02000000,c94c,17399;SOL_COMPUTED,SINGLE,-1641841.4287,-3664938.2706,4939918.7691,2.7145,3.2597,2.8863,SOL_COMPUTED,DOPPLER_VELOCITY,0.2085,-1.1671,-0.6550,0.0386,0.0496,0.0493,"",0.000,0.000,0.000,31,21,0,0,0,06,35,33*c2d9e9ce
PSRXYZA,USB2,0,47.5,FINESTEERING,2354,588589.000,02000000,c94c,17399;SOL_COMPUTED,SINGLE,-1641840.9655,-3664938.8025,4939918.0015,2.0121,2.5431,2.5249,SOL_COMPUTED,DOPPLER_VELOCITY,0.3416,-0.9695,-0.8870,0.0386,0.0471,0.0503,"",0.000,0.000,0.000,32,23,0,0,0,06,35,33*070feb5c
PSRXYZA,USB2,0,47.5,FINESTEERING,2354,588590.000,02000000,c94c,17399;SOL_COMPUTED,SINGLE,-1641840.4175,-3664939.3064,4939917.2471,1.9449,2.3597,2.4919,SOL_COMPUTED,DOPPLER_VELOCITY,0.3725,-0.8978,-0.8545,0.0372,0.0458,0.0491,"",0.000,0.000,0.000,32,23,0,0,0,06,35,33*93c6774c
PSRXYZA,USB2,0,49.0,FINESTEERING,2354,588591.000,02000000,c94c,17399;SOL_COMPUTED,SINGLE,-1641839.9416,-3664939.6773,4939916.4704,1.8495,2.3064,2.1229,SOL_COMPUTED,DOPPLER_VELOCITY,0.2688,-1.0522,-0.4024,0.0364,0.0490,0.0514,"",0.000,0.000,0.000,32,24,0,0,0,06,35,33*c8d42f1e
PSRXYZA,USB2,0,50.5,FINESTEERING,2354,588592.000,02000000,c94c,17399;SOL_COMPUTED,SINGLE,-1641839.5306,-3664940.8763,4939916.3843,1.8346,2.2938,2.1152,SOL_COMPUTED,DOPPLER_VELOCITY,0.6432,-1.1299,-0.3230,0.0340,0.0455,0.0501,"",0.000,0.000,0.000,34,25,0,0,0,06,35,33*2f9044f8
PSRXYZA,USB2,0,50.5,FINESTEERING,2354,588593.000,02000000,c94c,17399;SOL_COMPUTED,SINGLE,-1641839.0989,-3664941.8010,4939915.9241,1.6564,2.1648,2.0706,SOL_COMPUTED,DOPPLER_VELOCITY,0.5545,-0.8858,-0.5757,0.0331,0.0450,0.0492,"",0.000,0.000,0.000,34,26,0,0,0,06,35,33*8a30649e
PSRXYZA,USB2,0,55.5,FINESTEERING,2354,588594.000,02000000,c94c,17399;SOL_COMPUTED,SINGLE,-1641838.8721,-3664943.8251,4939915.5531,1.6588,2.2513,2.0980,SOL_COMPUTED,DOPPLER_VELOCITY,0.6550,-0.7520,-0.5217,0.0327,0.0417,0.0470,"",0.000,0.000,0.000,34,26,0,0,0,06,35,33*ea82b1d4
PSRXYZA,USB2,0,56.5,FINESTEERING,2354,588595.000,02000000,c94c,17399;SOL_COMPUTED,SINGLE,-1641838.0847,-3664943.5205,4939914.3720,1.6440,2.1535,2.0907,SOL_COMPUTED,DOPPLER_VELOCITY,0.6349,-0.9189,-0.5550,0.0344,0.0448,0.0512,"",0.000,0.000,0.000,34,26,0,0,0,06,35,33*d51f4463
PSRXYZA,USB2,0,50.5,FINESTEERING,2354,588596.000,02000000,c94c,17399;SOL_COMPUTED,SINGLE,-1641837.9259,-3664944.1229,4939914.6033,1.6272,2.1983,2.0997,SOL_COMPUTED,DOPPLER_VELOCITY,0.5488,-1.1721,-0.3375,0.0329,0.0438,0.0508,"",0.000,0.000,0.000,33,26,0,0,0,06,35,37*ec3d357e
PSRXYZA,USB2,0,48.0,FINESTEERING,2354,588597.000,02000000,c94c,17399;SOL_COMPUTED,SINGLE,-1641836.7286,-3664945.3643,4939913.9952,1.6276,2.1955,2.1495,SOL_COMPUTED,DOPPLER_VELOCITY,0.4720,-1.0886,-0.4944,0.0346,0.0453,0.0525,"",0.000,0.000,0.000,34,27,0,0,0,06,35,33*f2223b6e
PSRXYZA,USB2,0,48.0,FINESTEERING,2354,588598.000,02000000,c94c,17399;SOL_COMPUTED,SINGLE,-1641836.0271,-3664946.4569,4939914.1622,1.6176,2.1625,2.0370,SOL_COMPUTED,DOPPLER_VELOCITY,0.8146,-0.7800,-0.7893,0.0375,0.0496,0.0547,"",0.000,0.000,0.000,33,27,0,0,0,06,35,37*759ec85b
PSRXYZA,USB2,0,49.0,FINESTEERING,2354,588599.000,02000000,c94c,17399;SOL_COMPUTED,SINGLE,-1641835.5298,-3664947.6046,4939914.7621,1.6210,2.1632,2.1354,SOL_COMPUTED,DOPPLER_VELOCITY,0.5935,-0.9575,-0.7845,0.0328,0.0457,0.0494,"",0.000,0.000,0.000,34,28,0,0,0,06,35,33*3f48dbff
PSRXYZA,USB2,0,49.0,FINESTEERING,2354,588600.000,02000000,c94c,17399;SOL_COMPUTED,SINGLE,-1641835.2981,-3664948.7233,4939913.4206,1.5533,2.1523,2.1868,SOL_COMPUTED,DOPPLER_VELOCITY,0.6887,-0.8911,-0.4317,0.0347,0.0517,0.0604,"",0.000,0.000,0.000,31,26,0,0,0,06,35,33*7b4cc978
PSRXYZA,USB2,0,49.5,FINESTEERING,2354,588601.000,02000000,c94c,17399;SOL_COMPUTED,SINGLE,-1641835.1386,-3664950.2245,4939916.3035,1.5367,2.1354,2.0599,SOL_COMPUTED,DOPPLER_VELOCITY,0.8084,-0.9521,-0.1879,0.0361,0.0503,0.0528,"",0.000,0.000,0.000,33,27,0,0,0,06,35,33*ddd4c868
PSRXYZA,USB2,0,48.5,FINESTEERING,2354,588602.000,02000000,c94c,17399;SOL_COMPUTED,SINGLE,-1641833.9832,-3664951.1220,4939911.4072,1.7207,2.3232,1.9956,SOL_COMPUTED,DOPPLER_VELOCITY,0.7345,-0.9633,-0.1277,0.0359,0.0510,0.0552,"",0.000,0.000,0.000,33,26,0,0,0,06,35,37*8b4fb4d1
PSRXYZA,USB2,0,48.5,FINESTEERING,2354,588603.000,02000000,c94c,17399;SOL_COMPUTED,SINGLE,-1641834.1286,-3664954.2291,4939916.5237,1.8323,2.5985,2.1783,SOL_COMPUTED,DOPPLER_VELOCITY,0.8700,-0.6978,-0.3179,0.0351,0.0455,0.0552,"",0.000,0.000,0.000,35,27,0,0,0,06,35,37*454107bd
PSRXYZA,USB2,0,50.0,FINESTEERING,2354,588604.000,02000000,c94c,17399;SOL_COMPUTED,SINGLE,-1641832.5717,-3664953.3003,4939911.0696,1.7487,2.3265,2.3910,SOL_COMPUTED,DOPPLER_VELOCITY,0.8980,-0.5719,-0.4648,0.0363,0.0478,0.0507,"",0.000,0.000,0.000,34,28,0,0,0,06,35,33*9f03dc83
PSRXYZA,USB2,0,50.0,FINESTEERING,2354,588605.000,02000000,c94c,17399;SOL_COMPUTED,SINGLE,-1641833.3914,-3664955.1884,4939911.7654,1.5591,2.1750,2.1152,SOL_COMPUTED,DOPPLER_VELOCITY,0.8849,-0.7493,-0.3367,0.0343,0.0465,0.0565,"",0.000,0.000,0.000,33,27,0,0,0,06,35,33*8bfe93c6
PSRXYZA,USB2,0,52.5,FINESTEERING,2354,588606.000,02000000,c94c,17399;SOL_COMPUTED,SINGLE,-1641830.3796,-3664953.7862,4939910.0488,1.9949,2.5172,2.4620,SOL_COMPUTED,DOPPLER_VELOCITY,0.7839,-1.0715,-0.1740,0.0372,0.0480,0.0515,"",0.000,0.000,0.000,32,26,0,0,0,06,35,37*d89fe412
PSRXYZA,USB2,0,49.5,FINESTEERING,2354,588607.000,02000000,c94c,17399;SOL_COMPUTED,SINGLE,-1641834.2238,-3664957.5150,4939922.9846,1.7321,2.3221,2.1618,SOL_COMPUTED,DOPPLER_VELOCITY,0.7897,-0.9023,-0.1450,0.0364,0.0560,0.0544,"",0.000,0.000,0.000,31,25,0,0,0,06,35,37*007aa89b
PSRXYZA,USB2,0,49.5,FINESTEERING,2354,588608.000,02000000,c94c,17399;SOL_COMPUTED,SINGLE,-1641831.0455,-3664957.7840,4939911.9313,1.7639,2.2249,2.3660,SOL_COMPUTED,DOPPLER_VELOCITY,0.8206,-0.8919,-0.4238,0.0392,0.0584,0.0599,"",0.000,0.000,0.000,28,24,0,0,0,06,35,37*803fa3bd
PSRXYZA,USB2,0,51.0,FINESTEERING,2354,588609.000,02000000,c94c,17399;SOL_COMPUTED,SINGLE,-1641832.8069,-3664958.8229,4939927.8346,2.0030,2.4471,2.2558,SOL_COMPUTED,DOPPLER_VELOCITY,0.8900,-0.7415,-0.4739,0.0388,0.0514,0.0594,"",0.000,0.000,0.000,31,27,0,0,0,06,35,33*945a5115
PSRXYZA,USB2,0,50.0,FINESTEERING,2354,588610.000,02000000,c94c,17399;SOL_COMPUTED,SINGLE,-1641831.9638,-3664958.8356,4939928.0927,1.9188,2.4046,1.9362,SOL_COMPUTED,DOPPLER_VELOCITY,1.2035,-0.4598,-0.5766,0.0389,0.0518,0.0541,"",0.000,0.000,0.000,32,27,0,0,0,06,35,33*b017b434
PSRXYZA,USB2,0,46.0,FINESTEERING,2354,588611.000,02000000,c94c,17399;SOL_COMPUTED,SINGLE,-1641831.7393,-3664962.6090,4939923.6024,2.0305,2.8507,2.2819,SOL_COMPUTED,DOPPLER_VELOCITY,1.0559,-0.5834,-0.0634,0.0422,0.0648,0.0625,"",0.000,0.000,0.000,28,22,0,0,0,06,35,33*1aad3fff
PSRXYZA,USB2,0,46.0,FINESTEERING,2354,588612.000,02000000,c94c,17399;SOL_COMPUTED,SINGLE,-1641830.6652,-3664964.0038,4939923.0895,2.0453,2.8013,2.2616,SOL_COMPUTED,DOPPLER_VELOCITY,0.9856,-0.6207,0.0384,0.0395,0.0582,0.0579,"",0.000,0.000,0.000,28,24,0,0,0,06,35,33*0ec6d83b
PSRXYZA,USB2,0,46.5,FINESTEERING,2354,588613.000,02000000,c94c,17399;SOL_COMPUTED,SINGLE,-1641823.4873,-3664959.5248,4939909.7764,2.1379,2.9209,2.5692,SOL_COMPUTED,DOPPLER_VELOCITY,1.0409,-0.6668,0.1846,0.0456,0.0698,0.0713,"",0.000,0.000,0.000,23,20,0,0,0,06,35,33*2703e9db
RXSTATUSEVENTA,USB2,0,46.0,FINESTEERING,2354,588613.017,02000800,b967,17399;AUX4,0,SET,"<60% available SVs tracked well"*eaf55f1d
PSRXYZA,USB2,0,50.0,FINESTEERING,2354,588614.000,02000000,c94c,17399;SOL_COMPUTED,SINGLE,-1641827.1886,-3664963.8392,4939923.5264,2.0754,2.8976,2.2883,SOL_COMPUTED,DOPPLER_VELOCITY,1.1461,-0.5266,-0.0277,0.0387,0.0592,0.0652,"",0.000,0.000,0.000,27,24,0,0,0,06,35,37*218a3aa7
PSRXYZA,USB2,0,49.5,FINESTEERING,2354,588615.000,02000800,c94c,17399;SOL_COMPUTED,SINGLE,-1641825.9954,-3664964.0726,4939922.5087,2.0992,2.9075,2.3268,SOL_COMPUTED,DOPPLER_VELOCITY,1.2357,-0.2187,-0.2307,0.0378,0.0571,0.0756,"",0.000,0.000,0.000,25,22,0,0,0,06,35,37*59c319c6
PSRXYZA,USB2,0,46.0,FINESTEERING,2354,588616.000,02000800,c94c,17399;SOL_COMPUTED,SINGLE,-1641820.2095,-3664962.8130,4939911.0909,1.8300,2.7151,2.4194,SOL_COMPUTED,DOPPLER_VELOCITY,1.2115,-0.2866,-0.1256,0.0405,0.0600,0.0673,"",0.000,0.000,0.000,27,24,0,0,0,06,35,37*ed7e219a
PSRXYZA,USB2,0,46.0,FINESTEERING,2354,588617.000,02000000,c94c,17399;SOL_COMPUTED,SINGLE,-1641819.4540,-3664961.7152,4939908.9850,1.6603,2.9710,2.3624,SOL_COMPUTED,DOPPLER_VELOCITY,1.1186,-0.5389,0.2899,0.0414,0.0588,0.0728,"",0.000,0.000,0.000,28,24,0,0,0,06,35,37*4ee726f5
PSRXYZA,USB2,0,46.5,FINESTEERING,2354,588618.000,02000000,c94c,17399;SOL_COMPUTED,SINGLE,-1641818.2018,-3664962.9578,4939909.7212,1.7106,2.5014,2.3832,SOL_COMPUTED,DOPPLER_VELOCITY,1.1343,-0.6864,0.5684,0.0419,0.0623,0.0918,"",0.000,0.000,0.000,29,25,0,0,0,06,35,37*b8360ac7
PSRXYZA,USB2,0,47.5,FINESTEERING,2354,588619.000,02000000,c94c,17399;SOL_COMPUTED,SINGLE,-1641817.6679,-3664963.5740,4939912.1771,1.6673,2.4632,2.2945,SOL_COMPUTED,DOPPLER_VELOCITY,1.1916,-0.5272,0.1383,0.0382,0.0535,0.0680,"",0.000,0.000,0.000,31,26,0,0,0,06,35,37*5dc987ac
PSRXYZA,USB2,0,45.0,FINESTEERING,2354,588620.000,02000000,c94c,17399;SOL_COMPUTED,SINGLE,-1641815.5395,-3664963.2708,4939910.0235,1.6766,2.4531,2.3607,SOL_COMPUTED,DOPPLER_VELOCITY,1.3010,-0.0909,-0.0340,0.0408,0.0545,0.0681,"",0.000,0.000,0.000,29,25,0,0,0,06,35,37*7e5894cd
PSRXYZA,USB2,0,45.0,FINESTEERING,2354,588621.000,02000000,c94c,17399;SOL_COMPUTED,SINGLE,-1641814.4908,-3664963.1236,4939909.5931,1.7031,2.4343,2.4363,SOL_COMPUTED,DOPPLER_VELOCITY,1.0199,-0.4146,0.4595,0.0403,0.0551,0.0681,"",0.000,0.000,0.000,29,25,0,0,0,06,35,33*e38016ec
PSRXYZA,USB2,0,50.0,FINESTEERING,2354,588622.000,02000000,c94c,17399;SOL_COMPUTED,SINGLE,-1641812.7984,-3664962.3946,4939908.1242,1.8940,2.4927,2.7296,SOL_COMPUTED,DOPPLER_VELOCITY,1.0128,-0.1061,0.5018,0.0403,0.0569,0.0788,"",0.000,0.000,0.000,25,22,0,0,0,06,35,37*3eba4c7c
PSRXYZA,USB2,0,50.0,FINESTEERING,2354,588623.000,02000000,c94c,17399;SOL_COMPUTED,SINGLE,-1641811.9699,-3664962.6607,4939907.1625,1.6584,2.4307,2.5656,SOL_COMPUTED,DOPPLER_VELOCITY,1.1141,0.0193,0.2104,0.0352,0.0530,0.0722,"",0.000,0.000,0.000,26,22,0,0,0,06,35,33*e7f96bf1
PSRXYZA,USB2,0,52.0,FINESTEERING,2354,588624.000,02000000,c94c,17399;SOL_COMPUTED,SINGLE,-1641811.2890,-3664963.8302,4939908.2222,1.6294,2.4250,2.4704,SOL_COMPUTED,DOPPLER_VELOCITY,1.1628,-0.0336,0.2404,0.0368,0.0595,0.0810,"",0.000,0.000,0.000,25,22,0,0,0,06,35,37*ed6e1b81
PSRXYZA,USB2,0,47.0,FINESTEERING,2354,588625.000,02000000,c94c,17399;SOL_COMPUTED,SINGLE,-1641810.2181,-3664964.6631,4939911.3623,1.6227,2.4244,2.5920,SOL_COMPUTED,DOPPLER_VELOCITY,1.0969,-0.1576,0.5108,0.0352,0.0538,0.0706,"",0.000,0.000,0.000,28,25,0,0,0,06,35,37*3ef6aad8
PSRXYZA,USB2,0,47.0,FINESTEERING,2354,588626.000,02000000,c94c,17399;SOL_COMPUTED,SINGLE,-1641810.1975,-3664965.3350,4939918.2748,1.5607,2.3337,2.3420,SOL_COMPUTED,DOPPLER_VELOCITY,1.2862,-0.2140,0.4813,0.0360,0.0615,0.0693,"",0.000,0.000,0.000,27,23,0,0,0,06,35,37*5206488a
PSRXYZA,USB2,0,47.0,FINESTEERING,2354,588627.000,02000000,c94c,17399;SOL_COMPUTED,SINGLE,-1641807.4425,-3664964.5840,4939913.6116,1.5748,2.7005,2.4937,SOL_COMPUTED,DOPPLER_VELOCITY,1.2808,-0.1096,0.2596,0.0347,0.0579,0.0873,"",0.000,0.000,0.000,27,23,0,0,0,06,35,37*60cb1393
PSRXYZA,USB2,0,46.0,FINESTEERING,2354,588628.000,02000000,c94c,17399;SOL_COMPUTED,SINGLE,-1641805.5866,-3664963.5525,4939910.5195,1.7087,2.6779,2.8439,SOL_COMPUTED,DOPPLER_VELOCITY,1.2204,-0.0692,0.0934,0.0319,0.0514,0.0700,"",0.000,0.000,0.000,26,21,0,0,0,06,35,33*bfe18aa6
PSRXYZA,USB2,0,46.0,FINESTEERING,2354,588629.000,02000000,c94c,17399;SOL_COMPUTED,SINGLE,-1641805.7996,-3664971.8763,4939925.4204,1.5232,2.4328,2.5610,SOL_COMPUTED,DOPPLER_VELOCITY,1.1117,-0.3133,0.5414,0.0321,0.0533,0.0783,"",0.000,0.000,0.000,29,24,0,0,0,06,35,37*3d010cf1
PSRXYZA,USB2,0,45.0,FINESTEERING,2354,588630.000,02000000,c94c,17399;SOL_COMPUTED,SINGLE,-1641804.4708,-3664971.1565,4939922.6590,1.5294,2.4378,2.7068,SOL_COMPUTED,DOPPLER_VELOCITY,1.1082,-0.2298,0.4436,0.0325,0.0569,0.0626,"",0.000,0.000,0.000,28,23,0,0,0,06,35,37*532c4575
PSRXYZA,USB2,0,45.0,FINESTEERING,2354,588631.000,02000000,c94c,17399;SOL_COMPUTED,SINGLE,-1641801.7636,-3664969.8248,4939923.2333,1.5707,2.7875,2.5277,SOL_COMPUTED,DOPPLER_VELOCITY,1.0855,0.1060,0.5370,0.0330,0.0562,0.0634,"",0.000,0.000,0.000,28,22,0,0,0,06,35,33*1562b5d8
PSRXYZA,USB2,0,44.0,FINESTEERING,2354,588632.000,02000000,c94c,17399;SOL_COMPUTED,SINGLE,-1641801.7327,-3664966.5308,4939920.0318,1.5697,2.9685,2.6938,SOL_COMPUTED,DOPPLER_VELOCITY,1.1764,-0.0345,0.4873,0.0320,0.0534,0.0650,"",0.000,0.000,0.000,28,22,0,0,0,06,35,37*1fae72e6
PSRXYZA,USB2,0,44.0,FINESTEERING,2354,588633.000,02000000,c94c,17399;SOL_COMPUTED,SINGLE,-1641802.4725,-3664968.2187,4939929.7352,1.6503,2.9997,2.7021,SOL_COMPUTED,DOPPLER_VELOCITY,1.1851,0.2388,0.4421,0.0326,0.0553,0.0611,"",0.000,0.000,0.000,30,23,0,0,0,06,35,37*80c176b1
PSRXYZA,USB2,0,48.0,FINESTEERING,2354,588634.000,02000000,c94c,17399;SOL_COMPUTED,SINGLE,-1641802.3486,-3664968.5672,4939931.8612,1.6278,2.8369,2.1254,SOL_COMPUTED,DOPPLER_VELOCITY,1.2280,0.1539,0.3316,0.0333,0.0581,0.0650,"",0.000,0.000,0.000,28,23,0,0,0,06,35,33*f324f3a5
PSRXYZA,USB2,0,46.5,FINESTEERING,2354,588635.000,02000000,c94c,17399;SOL_COMPUTED,SINGLE,-1641799.7530,-3664968.6872,4939931.5595,1.6447,2.9627,2.3899,SOL_COMPUTED,DOPPLER_VELOCITY,1.1780,-0.0883,0.4914,0.0362,0.0617,0.0604,"",0.000,0.000,0.000,25,20,0,0,0,06,35,37*22cfd514
PSRXYZA,USB2,0,46.5,FINESTEERING,2354,588636.000,02000000,c94c,17399;SOL_COMPUTED,SINGLE,-1641798.1442,-3664968.5419,4939930.4649,1.6630,2.6299,2.2589,SOL_COMPUTED,DOPPLER_VELOCITY,1.1015,-0.1236,0.1068,0.0342,0.0735,0.0744,"",0.000,0.000,0.000,28,23,0,0,0,06,35,37*2537ce71
PSRXYZA,USB2,0,49.0,FINESTEERING,2354,588637.000,02000000,c94c,17399;SOL_COMPUTED,SINGLE,-1641797.0850,-3664968.3284,4939930.7106,1.6126,2.6843,2.1897,SOL_COMPUTED,DOPPLER_VELOCITY,1.2033,-0.1440,0.4026,0.0348,0.0611,0.0774,"",0.000,0.000,0.000,28,22,0,0,0,06,35,37*8c5ccc36
PSRXYZA,USB2,0,53.0,FINESTEERING,2354,588638.000,02000000,c94c,17399;SOL_COMPUTED,SINGLE,-1641794.8004,-3664966.8098,4939922.3405,1.5626,2.5818,2.5923,SOL_COMPUTED,DOPPLER_VELOCITY,1.4049,-0.0099,-0.1032,0.0400,0.0746,0.0925,"",0.000,0.000,0.000,30,24,0,0,0,06,35,37*00d1877f
PSRXYZA,USB2,0,56.5,FINESTEERING,2354,588639.000,02000000,c94c,17399;SOL_COMPUTED,SINGLE,-1641792.9796,-3664967.7814,4939921.3735,1.5754,3.0147,3.2723,SOL_COMPUTED,DOPPLER_VELOCITY,1.3976,-0.0427,-0.1004,0.0350,0.0641,0.1059,"",0.000,0.000,0.000,29,23,0,0,0,06,35,33*d1fcd61d
PSRXYZA,USB2,0,58.0,FINESTEERING,2354,588640.000,02000000,c94c,17399;SOL_COMPUTED,SINGLE,-1641791.7369,-3664965.8978,4939921.3067,1.6488,3.1784,2.8739,SOL_COMPUTED,DOPPLER_VELOCITY,1.2819,0.2619,-0.4583,0.0363,0.0654,0.0980,"",0.000,0.000,0.000,28,21,0,0,0,06,35,37*3c692a0f
PSRXYZA,USB2,0,58.0,FINESTEERING,2354,588641.000,02000000,c94c,17399;SOL_COMPUTED,SINGLE,-1641791.3954,-3664965.6447,4939925.7585,1.8555,3.0039,2.3183,SOL_COMPUTED,DOPPLER_VELOCITY,1.0342,0.0412,0.0090,0.0356,0.0582,0.0753,"",0.000,0.000,0.000,27,20,0,0,0,06,35,37*a07a8efb
PSRXYZA,USB2,0,54.0,FINESTEERING,2354,588642.000,02000000,c94c,17399;SOL_COMPUTED,SINGLE,-1641789.1845,-3664967.2242,4939926.4382,1.9374,3.1537,2.5424,SOL_COMPUTED,DOPPLER_VELOCITY,1.0968,-0.3546,0.6671,0.0376,0.0595,0.0711,"",0.000,0.000,0.000,29,22,0,0,0,06,35,37*23d06f84
PSRXYZA,USB2,0,54.0,FINESTEERING,2354,588643.000,02000000,c94c,17399;SOL_COMPUTED,SINGLE,-1641788.8281,-3664967.9391,4939926.6513,1.8031,2.8562,2.2609,SOL_COMPUTED,DOPPLER_VELOCITY,1.1955,-0.1328,0.4035,0.0326,0.0627,0.0815,"",0.000,0.000,0.000,28,22,0,0,0,06,35,37*44735598
PSRXYZA,USB2,0,50.0,FINESTEERING,2354,588644.000,02000000,c94c,17399;SOL_COMPUTED,SINGLE,-1641785.6086,-3664966.8271,4939921.9236,1.7609,2.9352,2.6634,SOL_COMPUTED,DOPPLER_VELOCITY,1.2307,0.0073,0.3605,0.0330,0.0599,0.0902,"",0.000,0.000,0.000,27,20,0,0,0,06,35,33*80a0612d
PSRXYZA,USB2,0,48.0,FINESTEERING,2354,588645.000,02000000,c94c,17399;SOL_COMPUTED,SINGLE,-1641784.8007,-3664966.4675,4939921.0578,1.7947,3.3478,3.6233,SOL_COMPUTED,DOPPLER_VELOCITY,1.2581,0.1297,-0.0906,0.0328,0.0553,0.0838,"",0.000,0.000,0.000,27,20,0,0,0,06,35,33*c6ce7396
PSRXYZA,USB2,0,47.5,FINESTEERING,2354,588646.000,02000000,c94c,17399;SOL_COMPUTED,SINGLE,-1641783.2320,-3664969.0552,4939924.0502,1.7536,2.9662,2.8217,SOL_COMPUTED,DOPPLER_VELOCITY,1.2696,-0.0185,0.2928,0.0325,0.0560,0.0699,"",0.000,0.000,0.000,27,21,0,0,0,06,35,33*757ad243
PSRXYZA,USB2,0,43.5,FINESTEERING,2354,588647.000,02000000,c94c,17399;SOL_COMPUTED,SINGLE,-1641782.1685,-3664968.0153,4939923.0937,1.7851,2.9631,2.9760,SOL_COMPUTED,DOPPLER_VELOCITY,1.1468,-0.1342,0.4260,0.0332,0.0587,0.0696,"",0.000,0.000,0.000,25,19,0,0,0,06,35,33*44bda7dd
PSRXYZA,USB2,0,43.5,FINESTEERING,2354,588648.000,02000000,c94c,17399;SOL_COMPUTED,SINGLE,-1641781.4254,-3664967.8871,4939923.2219,1.7449,2.9443,2.7294,SOL_COMPUTED,DOPPLER_VELOCITY,1.1364,-0.1882,0.6048,0.0332,0.0598,0.0703,"",0.000,0.000,0.000,25,19,0,0,0,06,35,33*05d39a29
PSRXYZA,USB2,0,42.5,FINESTEERING,2354,588649.000,02000000,c94c,17399;SOL_COMPUTED,SINGLE,-1641780.7842,-3664966.0414,4939920.9432,1.7648,3.2902,3.6765,SOL_COMPUTED,DOPPLER_VELOCITY,1.2762,-0.0827,0.5849,0.0330,0.0587,0.0806,"",0.000,0.000,0.000,25,19,0,0,0,06,35,33*96bdd2f0
PSRXYZA,USB2,0,42.5,FINESTEERING,2354,588650.000,02000000,c94c,17399;SOL_COMPUTED,SINGLE,-1641779.1951,-3664965.8497,4939920.6346,1.7858,3.2688,3.7150,SOL_COMPUTED,DOPPLER_VELOCITY,1.2883,0.0992,0.2807,0.0320,0.0547,0.0748,"",0.000,0.000,0.000,25,19,0,0,0,06,35,33*e7009e63
PSRXYZA,USB2,0,44.0,FINESTEERING,2354,588651.000,02000000,c94c,17399;SOL_COMPUTED,SINGLE,-1641777.2826,-3664969.6286,4939928.2468,1.7683,3.0728,3.0451,SOL_COMPUTED,DOPPLER_VELOCITY,1.2350,0.2123,0.2597,0.0329,0.0582,0.0753,"",0.000,0.000,0.000,26,20,0,0,0,06,35,33*88682481
PSRXYZA,USB2,0,47.5,FINESTEERING,2354,588652.000,02000000,c94c,17399;SOL_COMPUTED,SINGLE,-1641776.3561,-3664969.3383,4939928.6395,1.7585,2.8960,2.6820,SOL_COMPUTED,DOPPLER_VELOCITY,1.0094,0.3395,0.6006,0.0340,0.0561,0.0737,"",0.000,0.000,0.000,29,23,0,0,0,06,35,33*25b1b470
PSRXYZA,USB2,0,47.5,FINESTEERING,2354,588653.000,02000000,c94c,17399;SOL_COMPUTED,SINGLE,-1641775.9287,-3664971.6171,4939928.7063,1.7176,2.5625,3.2878,SOL_COMPUTED,DOPPLER_VELOCITY,0.8499,0.1909,0.9531,0.0325,0.0512,0.0948,"",0.000,0.000,0.000,29,22,0,0,0,06,35,33*e0b19b96
PSRXYZA,USB2,0,48.5,FINESTEERING,2354,588654.000,02000000,c94c,17399;SOL_COMPUTED,SINGLE,-1641775.2609,-3664967.2326,4939924.9710,1.7654,2.8754,3.5803,SOL_COMPUTED,DOPPLER_VELOCITY,0.9394,0.5415,0.3472,0.0331,0.0522,0.0653,"",0.000,0.000,0.000,26,20,0,0,0,06,35,33*c6edb6c9
PSRXYZA,USB2,0,45.5,FINESTEERING,2354,588655.000,02000000,c94c,17399;SOL_COMPUTED,SINGLE,-1641774.1667,-3664969.1263,4939927.5688,1.7201,2.8121,3.5028,SOL_COMPUTED,DOPPLER_VELOCITY,0.9066,0.8471,0.3409,0.0343,0.0567,0.0834,"",0.000,0.000,0.000,27,20,0,0,0,06,35,37*1c8d6c68
PSRXYZA,USB2,0,45.5,FINESTEERING,2354,588656.000,02000000,c94c,17399;SOL_COMPUTED,SINGLE,-1641773.9523,-3664964.0922,4939925.3959,1.7441,3.3243,3.6475,SOL_COMPUTED,DOPPLER_VELOCITY,0.9852,0.8777,0.6590,0.0348,0.0665,0.1438,"",0.000,0.000,0.000,27,20,0,0,0,06,35,33*c65ece0f
PSRXYZA,USB2,0,47.5,FINESTEERING,2354,588657.000,02000000,c94c,17399;SOL_COMPUTED,SINGLE,-1641772.8898,-3664968.9373,4939931.6521,1.6970,2.6996,3.4294,SOL_COMPUTED,DOPPLER_VELOCITY,0.7781,0.8243,0.7818,0.0333,0.0521,0.0666,"",0.000,0.000,0.000,30,23,0,0,0,06,35,37*3e5855b2
PSRXYZA,USB2,0,48.5,FINESTEERING,2354,588658.000,02000000,c94c,17399;SOL_COMPUTED,SINGLE,-1641772.4059,-3664963.0745,4939927.0516,1.6996,2.7573,3.4895,SOL_COMPUTED,DOPPLER_VELOCITY,0.6710,0.6302,0.8969,0.0326,0.0526,0.0693,"",0.000,0.000,0.000,27,22,0,0,0,06,35,37*bdc66de5
PSRXYZA,USB2,0,46.0,FINESTEERING,2354,588659.000,02000000,c94c,17399;SOL_COMPUTED,SINGLE,-1641772.1644,-3664962.9195,4939929.9696,1.5962,2.9854,2.9031,SOL_COMPUTED,DOPPLER_VELOCITY,0.6795,0.3970,1.0613,0.0340,0.0516,0.0694,"",0.000,0.000,0.000,27,22,0,0,0,06,35,37*61ec48d7
PSRXYZA,USB2,0,46.0,FINESTEERING,2354,588660.000,02000000,c94c,17399;SOL_COMPUTED,SINGLE,-1641771.8727,-3664961.8663,4939928.6095,1.5828,2.4743,2.5598,SOL_COMPUTED,DOPPLER_VELOCITY,0.8502,0.5832,0.8310,0.0328,0.0560,0.0741,"",0.000,0.000,0.000,28,23,0,0,0,06,35,37*2e0179f8
PSRXYZA,USB2,0,48.0,FINESTEERING,2354,588661.000,02000000,c94c,17399;SOL_COMPUTED,SINGLE,-1641770.6325,-3664960.6585,4939929.4717,1.5776,2.4469,2.4900,SOL_COMPUTED,DOPPLER_VELOCITY,0.8847,0.8465,0.6359,0.0332,0.0462,0.0668,"",0.000,0.000,0.000,29,23,0,0,0,06,35,37*7b4b9db7
PSRXYZA,USB2,0,52.0,FINESTEERING,2354,588662.000,02000000,c94c,17399;SOL_COMPUTED,SINGLE,-1641770.4715,-3664960.5386,4939930.2155,1.7386,2.7800,3.2758,SOL_COMPUTED,DOPPLER_VELOCITY,0.9394,1.1993,0.6249,0.0376,0.0535,0.0756,"",0.000,0.000,0.000,26,21,0,0,0,06,35,37*44b73b49
PSRXYZA,USB2,0,52.0,FINESTEERING,2354,588663.000,02000000,c94c,17399;SOL_COMPUTED,SINGLE,-1641769.6180,-3664959.4905,4939930.8774,1.8702,2.8653,3.5912,SOL_COMPUTED,DOPPLER_VELOCITY,0.9828,0.9472,0.4507,0.0393,0.0537,0.0787,"",0.000,0.000,0.000,26,20,0,0,0,06,35,37*9052d7a1
PSRXYZA,USB2,0,56.0,FINESTEERING,2354,588664.000,02000000,c94c,17399;SOL_COMPUTED,SINGLE,-1641766.7783,-3664956.2479,4939928.7568,1.7231,2.6655,3.5208,SOL_COMPUTED,DOPPLER_VELOCITY,0.8131,0.6039,0.5424,0.0355,0.0527,0.0798,"",0.000,0.000,0.000,25,20,0,0,0,06,35,37*9cd04635
PSRXYZA,USB2,0,58.0,FINESTEERING,2354,588665.000,02000000,c94c,17399;SOL_COMPUTED,SINGLE,-1641766.4534,-3664956.1503,4939929.8662,1.7059,2.5571,3.4944,SOL_COMPUTED,DOPPLER_VELOCITY,0.8338,0.3929,0.9976,0.0372,0.0546,0.0788,"",0.000,0.000,0.000,26,20,0,0,0,06,35,33*c67c90a6
PSRXYZA,USB2,0,58.0,FINESTEERING,2354,588666.000,02000000,c94c,17399;SOL_COMPUTED,SINGLE,-1641766.2701,-3664956.5729,4939931.8593,1.5460,2.4167,3.1203,SOL_COMPUTED,DOPPLER_VELOCITY,0.8337,0.1510,1.1315,0.0349,0.0533,0.0726,"",0.000,0.000,0.000,28,22,0,0,0,06,35,33*315e0c7f
PSRXYZA,USB2,0,64.5,FINESTEERING,2354,588667.000,02000000,c94c,17399;SOL_COMPUTED,SINGLE,-1641764.5537,-3664955.8476,4939931.1845,1.6291,2.4857,3.2567,SOL_COMPUTED,DOPPLER_VELOCITY,1.0811,0.2709,0.6331,0.0357,0.0561,0.0874,"",0.000,0.000,0.000,26,20,0,0,0,06,35,33*e36aec90
PSRXYZA,USB2,0,64.5,FINESTEERING,2354,588668.000,02000000,c94c,17399;SOL_COMPUTED,SINGLE,-1641763.3284,-3664955.8363,4939932.7240,1.5471,2.3842,3.3223,SOL_COMPUTED,DOPPLER_VELOCITY,1.0420,0.4039,0.6453,0.0352,0.0501,0.0795,"",0.000,0.000,0.000,26,21,0,0,0,06,35,33*12d7e83c
PSRXYZA,USB2,0,65.5,FINESTEERING,2354,588669.000,02000000,c94c,17399;SOL_COMPUTED,SINGLE,-1641761.7997,-3664954.7038,4939931.2817,1.6910,2.4299,3.5045,SOL_COMPUTED,DOPPLER_VELOCITY,1.1182,0.4529,0.6249,0.0342,0.0496,0.0977,"",0.000,0.000,0.000,27,20,0,0,0,06,35,33*15341a23
PSRXYZA,USB2,0,65.5,FINESTEERING,2354,588670.000,02000000,c94c,17399;SOL_COMPUTED,SINGLE,-1641761.4382,-3664954.8776,4939933.1439,1.5535,2.3616,3.1649,SOL_COMPUTED,DOPPLER_VELOCITY,1.0933,0.3451,0.5069,0.0333,0.0491,0.0717,"",0.000,0.000,0.000,28,22,0,0,0,06,35,33*93789cef
PSRXYZA,USB2,0,65.5,FINESTEERING,2354,588671.000,02000000,c94c,17399;SOL_COMPUTED,SINGLE,-1641760.4159,-3664955.6146,4939935.6076,1.5343,2.3009,2.5813,SOL_COMPUTED,DOPPLER_VELOCITY,0.9889,0.2023,0.6449,0.0313,0.0451,0.0625,"",0.000,0.000,0.000,31,24,0,0,0,06,35,33*2801fb4b
PSRXYZA,USB2,0,54.0,FINESTEERING,2354,588672.000,02000000,c94c,17399;SOL_COMPUTED,SINGLE,-1641759.0460,-3664954.3217,4939933.7103,1.6520,2.3837,3.3533,SOL_COMPUTED,DOPPLER_VELOCITY,1.0107,0.1129,0.8398,0.0321,0.0424,0.0599,"",0.000,0.000,0.000,29,22,0,0,0,06,35,33*a21c5e77
PSRXYZA,USB2,0,52.5,FINESTEERING,2354,588673.000,02000000,c94c,17399;SOL_COMPUTED,SINGLE,-1641757.8952,-3664953.2165,4939933.8049,1.6448,2.1949,3.1985,SOL_COMPUTED,DOPPLER_VELOCITY,1.1099,0.1583,0.5755,0.0313,0.0421,0.0630,"",0.000,0.000,0.000,30,23,0,0,0,06,35,33*51f7217e
PSRXYZA,USB2,0,52.5,FINESTEERING,2354,588674.000,02000000,c94c,17399;SOL_COMPUTED,SINGLE,-1641756.7239,-3664952.8183,4939933.9244,1.6438,2.2025,3.3056,SOL_COMPUTED,DOPPLER_VELOCITY,1.3153,0.4152,0.3423,0.0323,0.0425,0.0634,"",0.000,0.000,0.000,28,22,0,0,0,06,35,33*9146a70e
PSRXYZA,USB2,0,53.5,FINESTEERING,2354,588675.000,02000000,c94c,17399;SOL_COMPUTED,SINGLE,-1641756.1355,-3664952.6979,4939935.5165,1.5551,2.1776,3.1290,SOL_COMPUTED,DOPPLER_VELOCITY,1.1308,0.4749,0.2850,0.0307,0.0414,0.0577,"",0.000,0.000,0.000,31,23,0,0,0,06,35,33*00e1a909
PSRXYZA,USB2,0,49.5,FINESTEERING,2354,588676.000,02000000,c94c,17399;SOL_COMPUTED,SINGLE,-1641754.8990,-3664951.9110,4939935.6629,1.5640,2.1821,3.1313,SOL_COMPUTED,DOPPLER_VELOCITY,1.0050,0.2223,0.6666,0.0296,0.0403,0.0534,"",0.000,0.000,0.000,31,23,0,0,0,06,35,33*85e9da79
PSRXYZA,USB2,0,48.0,FINESTEERING,2354,588677.000,02000000,c94c,17399;SOL_COMPUTED,SINGLE,-1641753.2606,-3664951.1324,4939935.3319,1.7166,2.2610,3.3298,SOL_COMPUTED,DOPPLER_VELOCITY,1.0432,0.1759,0.7524,0.0321,0.0422,0.0548,"",0.000,0.000,0.000,31,23,0,0,0,06,35,33*10024943
PSRXYZA,USB2,0,48.0,FINESTEERING,2354,588678.000,02000000,c94c,17399;SOL_COMPUTED,SINGLE,-1641753.3355,-3664951.9999,4939936.9535,1.7955,2.3338,3.3727,SOL_COMPUTED,DOPPLER_VELOCITY,0.9084,0.4484,0.6097,0.0330,0.0424,0.0578,"",0.000,0.000,0.000,30,23,0,0,0,06,35,37*eedd8182
PSRXYZA,USB2,0,53.0,FINESTEERING,2354,588679.000,02000000,c94c,17399;SOL_COMPUTED,SINGLE,-1641752.4582,-3664951.7871,4939937.6894,1.8007,2.3356,3.3909,SOL_COMPUTED,DOPPLER_VELOCITY,0.9954,0.6557,0.5327,0.0329,0.0431,0.0580,"",0.000,0.000,0.000,30,23,0,0,0,06,35,37*af18a72f
PSRXYZA,USB2,0,54.5,FINESTEERING,2354,588680.000,02000000,c94c,17399;SOL_COMPUTED,SINGLE,-1641752.1051,-3664951.6836,4939939.3771,1.7332,2.1853,2.8192,SOL_COMPUTED,DOPPLER_VELOCITY,0.5073,0.7889,0.5712,0.0308,0.0410,0.0553,"",0.000,0.000,0.000,30,23,0,0,0,06,35,33*3dbfd4c0
PSRXYZA,USB2,0,52.0,FINESTEERING,2354,588681.000,02000000,c94c,17399;SOL_COMPUTED,SINGLE,-1641751.4085,-3664950.5519,4939940.1123,1.8413,2.2744,2.8619,SOL_COMPUTED,DOPPLER_VELOCITY,0.0570,0.9296,0.7016,0.0331,0.0424,0.0561,"",0.000,0.000,0.000,30,23,0,0,0,06,35,37*49f1cd9a
PSRXYZA,USB2,0,45.0,FINESTEERING,2354,588682.000,02000000,c94c,17399;SOL_COMPUTED,SINGLE,-1641749.5086,-3664947.4970,4939939.4113,1.7657,2.2301,2.5972,SOL_COMPUTED,DOPPLER_VELOCITY,-0.2283,1.0222,0.8871,0.0330,0.0423,0.0565,"",0.000,0.000,0.000,33,25,0,0,0,06,35,33*285a4bc5
PSRXYZA,USB2,0,45.0,FINESTEERING,2354,588683.000,02000000,c94c,17399;SOL_COMPUTED,SINGLE,-1641751.7970,-3664948.2777,4939941.5858,1.8035,2.2606,2.5688,SOL_COMPUTED,DOPPLER_VELOCITY,-0.4205,1.0641,0.9284,0.0332,0.0413,0.0577,"",0.000,0.000,0.000,32,25,0,0,0,06,35,37*6f2c44b1
PSRXYZA,USB2,0,48.5,FINESTEERING,2354,588684.000,02000000,c94c,17399;SOL_COMPUTED,SINGLE,-1641750.6263,-3664945.3537,4939940.3936,1.6781,2.1577,2.4933,SOL_COMPUTED,DOPPLER_VELOCITY,-0.3803,1.1698,0.7056,0.0302,0.0388,0.0563,"",0.000,0.000,0.000,32,25,0,0,0,06,35,33*3dc47bb6
PSRXYZA,USB2,0,48.5,FINESTEERING,2354,588685.000,02000000,c94c,17399;SOL_COMPUTED,SINGLE,-1641751.2106,-3664944.4885,4939941.1666,1.3987,1.8156,2.3590,SOL_COMPUTED,DOPPLER_VELOCITY,-0.3786,1.2879,0.4983,0.0294,0.0390,0.0567,"",0.000,0.000,0.000,32,26,0,0,0,06,35,33*e6dda5fe
PSRXYZA,USB2,0,54.0,FINESTEERING,2354,588686.000,02000000,c94c,17399;SOL_COMPUTED,SINGLE,-1641752.0318,-3664943.9865,4939942.4886,1.3888,1.8066,2.3378,SOL_COMPUTED,DOPPLER_VELOCITY,-0.3591,1.2089,0.4508,0.0303,0.0398,0.0593,"",0.000,0.000,0.000,32,26,0,0,0,06,35,33*4a1d0118
PSRXYZA,USB2,0,53.0,FINESTEERING,2354,588687.000,02000000,c94c,17399;SOL_COMPUTED,SINGLE,-1641752.6103,-3664943.1867,4939942.6476,1.4069,1.8006,2.3795,SOL_COMPUTED,DOPPLER_VELOCITY,-0.6101,0.9815,0.6800,0.0293,0.0392,0.0598,"",0.000,0.000,0.000,32,25,0,0,0,06,35,33*f281c151
PSRXYZA,USB2,0,53.0,FINESTEERING,2354,588688.000,02000000,c94c,17399;SOL_COMPUTED,SINGLE,-1641753.5309,-3664942.0545,4939943.4118,1.2989,1.8080,2.5220,SOL_COMPUTED,DOPPLER_VELOCITY,-0.7686,0.8355,0.9382,0.0281,0.0390,0.0564,"",0.000,0.000,0.000,33,25,0,0,0,06,35,33*ae26df24
PSRXYZA,USB2,0,53.5,FINESTEERING,2354,588689.000,02000000,c94c,17399;SOL_COMPUTED,SINGLE,-1641754.2388,-3664941.0285,4939943.8274,1.3052,1.8821,3.1125,SOL_COMPUTED,DOPPLER_VELOCITY,-0.8669,0.8675,0.7174,0.0286,0.0391,0.0580,"",0.000,0.000,0.000,31,23,0,0,0,06,35,33*ca889653
PSRXYZA,USB2,0,50.0,FINESTEERING,2354,588690.000,02000000,c94c,17399;SOL_COMPUTED,SINGLE,-1641754.9557,-3664940.0799,4939944.4513,1.2868,1.8744,3.0236,SOL_COMPUTED,DOPPLER_VELOCITY,-0.7647,0.9614,0.5871,0.0292,0.0396,0.0556,"",0.000,0.000,0.000,32,24,0,0,0,06,35,33*fdea0175
PSRXYZA,USB2,0,50.0,FINESTEERING,2354,588691.000,02000000,c94c,17399;SOL_COMPUTED,SINGLE,-1641755.4797,-3664939.5356,4939945.3076,1.2792,1.7593,2.3170,SOL_COMPUTED,DOPPLER_VELOCITY,-0.6560,1.1304,0.2927,0.0290,0.0381,0.0524,"",0.000,0.000,0.000,33,26,0,0,0,06,35,33*6c41f07f
PSRXYZA,USB2,0,48.5,FINESTEERING,2354,588692.000,02000000,c94c,17399;SOL_COMPUTED,SINGLE,-1641756.1916,-3664938.5769,4939946.1148,1.3093,1.8335,3.0468,SOL_COMPUTED,DOPPLER_VELOCITY,-0.7898,1.0700,0.4140,0.0294,0.0388,0.0545,"",0.000,0.000,0.000,33,25,0,0,0,06,35,33*54b7900b
